[{"model": "admin.logentry", "pk": 1, "fields": {"action_time": "2023-07-22T21:18:54.531Z", "user": 1, "content_type": 6, "object_id": "1", "object_repr": "XJ450 Drilling&Workover Rig", "action_flag": 1, "change_message": "[{\"added\": {}}]"}}, {"model": "admin.logentry", "pk": 2, "fields": {"action_time": "2023-07-22T21:22:20.363Z", "user": 1, "content_type": 6, "object_id": "2", "object_repr": "VERTICAL PARTICLE FILTERS (3)", "action_flag": 1, "change_message": "[{\"added\": {}}]"}}, {"model": "admin.logentry", "pk": 3, "fields": {"action_time": "2023-07-22T21:23:29.143Z", "user": 1, "content_type": 6, "object_id": "2", "object_repr": "VERTICAL PARTICLE FILTERS (3)", "action_flag": 2, "change_message": "[{\"changed\": {\"fields\": [\"Description\"]}}]"}}, {"model": "admin.logentry", "pk": 4, "fields": {"action_time": "2023-07-22T21:23:53.022Z", "user": 1, "content_type": 7, "object_id": "1", "object_repr": "VERTICAL PARTICLE FILTERS (3)", "action_flag": 1, "change_message": "[{\"added\": {}}]"}}, {"model": "admin.logentry", "pk": 5, "fields": {"action_time": "2023-07-22T21:23:59.952Z", "user": 1, "content_type": 7, "object_id": "2", "object_repr": "VERTICAL PARTICLE FILTERS (3)", "action_flag": 1, "change_message": "[{\"added\": {}}]"}}, {"model": "admin.logentry", "pk": 6, "fields": {"action_time": "2023-07-22T21:24:06.835Z", "user": 1, "content_type": 7, "object_id": "3", "object_repr": "VERTICAL PARTICLE FILTERS (3)", "action_flag": 1, "change_message": "[{\"added\": {}}]"}}, {"model": "admin.logentry", "pk": 7, "fields": {"action_time": "2023-07-22T21:37:03.059Z", "user": 1, "content_type": 7, "object_id": "3", "object_repr": "VERTICAL PARTICLE FILTERS (3)", "action_flag": 2, "change_message": "[{\"changed\": {\"fields\": [\"Is featured\"]}}]"}}, {"model": "admin.logentry", "pk": 8, "fields": {"action_time": "2023-07-22T21:52:28.158Z", "user": 1, "content_type": 7, "object_id": "3", "object_repr": "VERTICAL PARTICLE FILTERS (3)", "action_flag": 2, "change_message": "[]"}}, {"model": "admin.logentry", "pk": 9, "fields": {"action_time": "2023-07-22T21:52:48.059Z", "user": 1, "content_type": 7, "object_id": "1", "object_repr": "VERTICAL PARTICLE FILTERS (3)", "action_flag": 2, "change_message": "[{\"changed\": {\"fields\": [\"Image\"]}}]"}}, {"model": "admin.logentry", "pk": 10, "fields": {"action_time": "2023-07-22T21:53:04.701Z", "user": 1, "content_type": 7, "object_id": "2", "object_repr": "VERTICAL PARTICLE FILTERS (3)", "action_flag": 2, "change_message": "[{\"changed\": {\"fields\": [\"Image\"]}}]"}}, {"model": "admin.logentry", "pk": 11, "fields": {"action_time": "2023-07-22T21:53:12.964Z", "user": 1, "content_type": 7, "object_id": "3", "object_repr": "VERTICAL PARTICLE FILTERS (3)", "action_flag": 2, "change_message": "[{\"changed\": {\"fields\": [\"Image\"]}}]"}}, {"model": "admin.logentry", "pk": 12, "fields": {"action_time": "2023-07-22T21:57:20.678Z", "user": 1, "content_type": 7, "object_id": "4", "object_repr": "XJ450 Drilling&Workover Rig", "action_flag": 1, "change_message": "[{\"added\": {}}]"}}, {"model": "admin.logentry", "pk": 13, "fields": {"action_time": "2023-07-22T21:57:23.949Z", "user": 1, "content_type": 7, "object_id": "4", "object_repr": "XJ450 Drilling&Workover Rig", "action_flag": 2, "change_message": "[{\"changed\": {\"fields\": [\"Is featured\"]}}]"}}, {"model": "admin.logentry", "pk": 14, "fields": {"action_time": "2023-07-22T21:59:14.943Z", "user": 1, "content_type": 6, "object_id": "1", "object_repr": "Water Filtration Skids (2) 20,000 BWPD @ 720 PSI Peco 57-66-229-28-701-6F", "action_flag": 2, "change_message": "[{\"changed\": {\"fields\": [\"Title\"]}}]"}}, {"model": "admin.logentry", "pk": 15, "fields": {"action_time": "2023-07-22T22:01:14.168Z", "user": 1, "content_type": 7, "object_id": "4", "object_repr": "Water Filtration Skids (2) 20,000 BWPD @ 720 PSI Peco 57-66-229-28-701-6F", "action_flag": 2, "change_message": "[{\"changed\": {\"fields\": [\"Image\"]}}]"}}, {"model": "admin.logentry", "pk": 16, "fields": {"action_time": "2023-07-22T22:01:22.716Z", "user": 1, "content_type": 7, "object_id": "5", "object_repr": "Water Filtration Skids (2) 20,000 BWPD @ 720 PSI Peco 57-66-229-28-701-6F", "action_flag": 1, "change_message": "[{\"added\": {}}]"}}, {"model": "admin.logentry", "pk": 17, "fields": {"action_time": "2023-07-22T22:01:31.770Z", "user": 1, "content_type": 7, "object_id": "6", "object_repr": "Water Filtration Skids (2) 20,000 BWPD @ 720 PSI Peco 57-66-229-28-701-6F", "action_flag": 1, "change_message": "[{\"added\": {}}]"}}, {"model": "admin.logentry", "pk": 18, "fields": {"action_time": "2023-07-22T22:01:39.180Z", "user": 1, "content_type": 7, "object_id": "7", "object_repr": "Water Filtration Skids (2) 20,000 BWPD @ 720 PSI Peco 57-66-229-28-701-6F", "action_flag": 1, "change_message": "[{\"added\": {}}]"}}, {"model": "admin.logentry", "pk": 19, "fields": {"action_time": "2023-07-22T22:01:48.424Z", "user": 1, "content_type": 7, "object_id": "8", "object_repr": "Water Filtration Skids (2) 20,000 BWPD @ 720 PSI Peco 57-66-229-28-701-6F", "action_flag": 1, "change_message": "[{\"added\": {}}]"}}, {"model": "admin.logentry", "pk": 20, "fields": {"action_time": "2023-07-22T22:02:03.045Z", "user": 1, "content_type": 7, "object_id": "9", "object_repr": "Water Filtration Skids (2) 20,000 BWPD @ 720 PSI Peco 57-66-229-28-701-6F", "action_flag": 1, "change_message": "[{\"added\": {}}]"}}, {"model": "admin.logentry", "pk": 21, "fields": {"action_time": "2023-07-22T22:02:28.094Z", "user": 1, "content_type": 7, "object_id": "4", "object_repr": "Water Filtration Skids (2) 20,000 BWPD @ 720 PSI Peco 57-66-229-28-701-6F", "action_flag": 2, "change_message": "[{\"changed\": {\"fields\": [\"Is featured\"]}}]"}}, {"model": "admin.logentry", "pk": 22, "fields": {"action_time": "2023-07-22T22:05:16.140Z", "user": 1, "content_type": 6, "object_id": "3", "object_repr": "Vertical Carbon Filter Sour Service 72″ ID x 20′-0″ S/S x 256 PSI", "action_flag": 1, "change_message": "[{\"added\": {}}]"}}, {"model": "admin.logentry", "pk": 23, "fields": {"action_time": "2023-07-22T22:06:04.109Z", "user": 1, "content_type": 7, "object_id": "10", "object_repr": "Vertical Carbon Filter Sour Service 72″ ID x 20′-0″ S/S x 256 PSI", "action_flag": 1, "change_message": "[{\"added\": {}}]"}}, {"model": "admin.logentry", "pk": 24, "fields": {"action_time": "2023-07-22T22:06:12.988Z", "user": 1, "content_type": 7, "object_id": "11", "object_repr": "Vertical Carbon Filter Sour Service 72″ ID x 20′-0″ S/S x 256 PSI", "action_flag": 1, "change_message": "[{\"added\": {}}]"}}, {"model": "admin.logentry", "pk": 25, "fields": {"action_time": "2023-07-22T22:06:20.715Z", "user": 1, "content_type": 7, "object_id": "12", "object_repr": "Vertical Carbon Filter Sour Service 72″ ID x 20′-0″ S/S x 256 PSI", "action_flag": 1, "change_message": "[{\"added\": {}}]"}}, {"model": "admin.logentry", "pk": 26, "fields": {"action_time": "2023-07-22T22:08:50.850Z", "user": 1, "content_type": 6, "object_id": "4", "object_repr": "EXCHANGERS – SHELL & PIPE (PAIR) Manufacturer: Enerflex in 2009", "action_flag": 1, "change_message": "[{\"added\": {}}]"}}, {"model": "admin.logentry", "pk": 27, "fields": {"action_time": "2023-07-22T22:09:45.865Z", "user": 1, "content_type": 6, "object_id": "4", "object_repr": "EXCHANGERS – SHELL & PIPE (PAIR) Manufacturer: Enerflex in 2009", "action_flag": 2, "change_message": "[]"}}, {"model": "admin.logentry", "pk": 28, "fields": {"action_time": "2023-07-22T22:09:55.703Z", "user": 1, "content_type": 7, "object_id": "13", "object_repr": "EXCHANGERS – SHELL & PIPE (PAIR) Manufacturer: Enerflex in 2009", "action_flag": 1, "change_message": "[{\"added\": {}}]"}}, {"model": "admin.logentry", "pk": 29, "fields": {"action_time": "2023-07-22T22:10:02.638Z", "user": 1, "content_type": 7, "object_id": "14", "object_repr": "EXCHANGERS – SHELL & PIPE (PAIR) Manufacturer: Enerflex in 2009", "action_flag": 1, "change_message": "[{\"added\": {}}]"}}, {"model": "admin.logentry", "pk": 30, "fields": {"action_time": "2023-07-22T22:10:10.062Z", "user": 1, "content_type": 7, "object_id": "15", "object_repr": "EXCHANGERS – SHELL & PIPE (PAIR) Manufacturer: Enerflex in 2009", "action_flag": 1, "change_message": "[{\"added\": {}}]"}}, {"model": "admin.logentry", "pk": 31, "fields": {"action_time": "2023-07-22T22:10:17.529Z", "user": 1, "content_type": 7, "object_id": "16", "object_repr": "EXCHANGERS – SHELL & PIPE (PAIR) Manufacturer: Enerflex in 2009", "action_flag": 1, "change_message": "[{\"added\": {}}]"}}, {"model": "admin.logentry", "pk": 32, "fields": {"action_time": "2023-07-22T22:11:24.482Z", "user": 1, "content_type": 6, "object_id": "5", "object_repr": "REBOILER – “BKU” Manufacturer: Exchanger Industries in 2009 Tema Type: BKU", "action_flag": 1, "change_message": "[{\"added\": {}}]"}}, {"model": "admin.logentry", "pk": 33, "fields": {"action_time": "2023-07-22T22:11:34.118Z", "user": 1, "content_type": 7, "object_id": "17", "object_repr": "REBOILER – “BKU” Manufacturer: Exchanger Industries in 2009 Tema Type: BKU", "action_flag": 1, "change_message": "[{\"added\": {}}]"}}, {"model": "admin.logentry", "pk": 34, "fields": {"action_time": "2023-07-22T22:11:44.881Z", "user": 1, "content_type": 7, "object_id": "18", "object_repr": "REBOILER – “BKU” Manufacturer: Exchanger Industries in 2009 Tema Type: BKU", "action_flag": 1, "change_message": "[{\"added\": {}}]"}}, {"model": "admin.logentry", "pk": 35, "fields": {"action_time": "2023-07-22T22:13:39.573Z", "user": 1, "content_type": 6, "object_id": "6", "object_repr": "GLYCOL / HOT OIL HEATER 26MMBTU/H  Simoneau Aqutube Model AQT 1200T Packaged in 2009 and never put into service", "action_flag": 1, "change_message": "[{\"added\": {}}]"}}, {"model": "admin.logentry", "pk": 36, "fields": {"action_time": "2023-07-22T22:15:19.139Z", "user": 1, "content_type": 7, "object_id": "19", "object_repr": "GLYCOL / HOT OIL HEATER 26MMBTU/H  Simoneau Aqutube Model AQT 1200T Packaged in 2009 and never put into service", "action_flag": 1, "change_message": "[{\"added\": {}}]"}}, {"model": "admin.logentry", "pk": 37, "fields": {"action_time": "2023-07-22T22:15:26.781Z", "user": 1, "content_type": 7, "object_id": "20", "object_repr": "GLYCOL / HOT OIL HEATER 26MMBTU/H  Simoneau Aqutube Model AQT 1200T Packaged in 2009 and never put into service", "action_flag": 1, "change_message": "[{\"added\": {}}]"}}, {"model": "admin.logentry", "pk": 38, "fields": {"action_time": "2023-07-22T22:15:33.445Z", "user": 1, "content_type": 7, "object_id": "21", "object_repr": "GLYCOL / HOT OIL HEATER 26MMBTU/H  Simoneau Aqutube Model AQT 1200T Packaged in 2009 and never put into service", "action_flag": 1, "change_message": "[{\"added\": {}}]"}}, {"model": "admin.logentry", "pk": 39, "fields": {"action_time": "2023-07-22T22:15:42.667Z", "user": 1, "content_type": 7, "object_id": "22", "object_repr": "GLYCOL / HOT OIL HEATER 26MMBTU/H  Simoneau Aqutube Model AQT 1200T Packaged in 2009 and never put into service", "action_flag": 1, "change_message": "[{\"added\": {}}]"}}, {"model": "admin.logentry", "pk": 40, "fields": {"action_time": "2023-07-22T22:15:50.039Z", "user": 1, "content_type": 7, "object_id": "23", "object_repr": "GLYCOL / HOT OIL HEATER 26MMBTU/H  Simoneau Aqutube Model AQT 1200T Packaged in 2009 and never put into service", "action_flag": 1, "change_message": "[{\"added\": {}}]"}}, {"model": "admin.logentry", "pk": 41, "fields": {"action_time": "2023-07-22T22:15:57.363Z", "user": 1, "content_type": 7, "object_id": "24", "object_repr": "GLYCOL / HOT OIL HEATER 26MMBTU/H  Simoneau Aqutube Model AQT 1200T Packaged in 2009 and never put into service", "action_flag": 1, "change_message": "[{\"added\": {}}]"}}, {"model": "admin.logentry", "pk": 42, "fields": {"action_time": "2023-07-22T22:16:03.740Z", "user": 1, "content_type": 7, "object_id": "25", "object_repr": "GLYCOL / HOT OIL HEATER 26MMBTU/H  Simoneau Aqutube Model AQT 1200T Packaged in 2009 and never put into service", "action_flag": 1, "change_message": "[{\"added\": {}}]"}}, {"model": "admin.logentry", "pk": 43, "fields": {"action_time": "2023-07-23T10:27:39.526Z", "user": 1, "content_type": 8, "object_id": "2", "object_repr": "test@test.com", "action_flag": 3, "change_message": ""}}, {"model": "admin.logentry", "pk": 44, "fields": {"action_time": "2023-07-24T12:12:35.351Z", "user": 1, "content_type": 8, "object_id": "3", "object_repr": "test@test.com", "action_flag": 3, "change_message": ""}}, {"model": "admin.logentry", "pk": 45, "fields": {"action_time": "2023-07-24T13:35:00.210Z", "user": 1, "content_type": 10, "object_id": "1", "object_repr": "2023-07-24 13:35:00.184139+00:00", "action_flag": 1, "change_message": "[{\"added\": {}}]"}}, {"model": "admin.logentry", "pk": 46, "fields": {"action_time": "2023-07-24T13:35:46.209Z", "user": 1, "content_type": 11, "object_id": "1", "object_repr": "1", "action_flag": 1, "change_message": "[{\"added\": {}}]"}}, {"model": "admin.logentry", "pk": 47, "fields": {"action_time": "2023-07-24T13:36:41.496Z", "user": 1, "content_type": 11, "object_id": "2", "object_repr": "2", "action_flag": 1, "change_message": "[{\"added\": {}}]"}}, {"model": "admin.logentry", "pk": 48, "fields": {"action_time": "2023-07-24T13:46:19.110Z", "user": 1, "content_type": 10, "object_id": "1", "object_repr": "2023-07-24 13:35:00.184139+00:00", "action_flag": 2, "change_message": "[{\"changed\": {\"fields\": [\"Status\"]}}]"}}, {"model": "admin.logentry", "pk": 49, "fields": {"action_time": "2023-07-24T14:47:31.246Z", "user": 1, "content_type": 10, "object_id": "2", "object_repr": "2023-07-24 14:47:31.243066+00:00", "action_flag": 1, "change_message": "[{\"added\": {}}]"}}, {"model": "admin.logentry", "pk": 50, "fields": {"action_time": "2023-07-24T22:41:49.350Z", "user": 1, "content_type": 6, "object_id": "8", "object_repr": "testing", "action_flag": 3, "change_message": ""}}, {"model": "admin.logentry", "pk": 51, "fields": {"action_time": "2023-07-24T22:41:49.398Z", "user": 1, "content_type": 6, "object_id": "7", "object_repr": "test", "action_flag": 3, "change_message": ""}}, {"model": "admin.logentry", "pk": 52, "fields": {"action_time": "2023-07-25T20:48:41.054Z", "user": 1, "content_type": 10, "object_id": "1", "object_repr": "2023-07-24 13:35:00.184139+00:00", "action_flag": 2, "change_message": "[{\"changed\": {\"fields\": [\"User\"]}}]"}}, {"model": "admin.logentry", "pk": 53, "fields": {"action_time": "2023-07-26T09:22:05.419Z", "user": 1, "content_type": 10, "object_id": "2", "object_repr": "2023-07-26 09:22:05.417557+00:00", "action_flag": 1, "change_message": "[{\"added\": {}}]"}}, {"model": "admin.logentry", "pk": 54, "fields": {"action_time": "2023-07-26T09:22:26.783Z", "user": 1, "content_type": 10, "object_id": "2", "object_repr": "2023-07-26 09:22:05.417557+00:00", "action_flag": 2, "change_message": "[]"}}, {"model": "admin.logentry", "pk": 55, "fields": {"action_time": "2023-07-26T09:22:40.953Z", "user": 1, "content_type": 10, "object_id": "1", "object_repr": "2023-07-24 13:35:00.184139+00:00", "action_flag": 2, "change_message": "[{\"changed\": {\"fields\": [\"Order key\"]}}]"}}, {"model": "admin.logentry", "pk": 56, "fields": {"action_time": "2023-07-26T17:52:25.512Z", "user": 1, "content_type": 10, "object_id": "4", "object_repr": "2023-07-26 15:10:45.947287+00:00", "action_flag": 2, "change_message": "[{\"changed\": {\"fields\": [\"Address\", \"City\", \"Sub total\"]}}]"}}, {"model": "admin.logentry", "pk": 57, "fields": {"action_time": "2023-07-27T13:15:32.105Z", "user": 1, "content_type": 7, "object_id": "52", "object_repr": "HYDROGENATOR VESSEL", "action_flag": 2, "change_message": "[{\"changed\": {\"fields\": [\"Is featured\"]}}]"}}, {"model": "admin.logentry", "pk": 58, "fields": {"action_time": "2023-07-27T13:49:30.662Z", "user": 1, "content_type": 7, "object_id": "56", "object_repr": "GLOBE VALVES – (8)", "action_flag": 2, "change_message": "[{\"changed\": {\"fields\": [\"Is featured\"]}}]"}}, {"model": "admin.logentry", "pk": 59, "fields": {"action_time": "2023-12-26T10:25:41.824Z", "user": 8, "content_type": 6, "object_id": "1", "object_repr": "Water Filtration Skids (2) 20,000 BWPD @ 720 PSI Peco 57-66-229-28-701-6F", "action_flag": 2, "change_message": "[{\"changed\": {\"fields\": [\"Price\"]}}]"}}, {"model": "admin.logentry", "pk": 60, "fields": {"action_time": "2023-12-26T10:25:52.438Z", "user": 8, "content_type": 6, "object_id": "2", "object_repr": "VERTICAL PARTICLE FILTERS (3)", "action_flag": 2, "change_message": "[{\"changed\": {\"fields\": [\"Price\"]}}]"}}, {"model": "admin.logentry", "pk": 61, "fields": {"action_time": "2023-12-26T10:26:03.091Z", "user": 8, "content_type": 6, "object_id": "3", "object_repr": "Vertical Carbon Filter Sour Service 72″ ID x 20′-0″ S/S x 256 PSI", "action_flag": 2, "change_message": "[{\"changed\": {\"fields\": [\"Price\"]}}]"}}, {"model": "admin.logentry", "pk": 62, "fields": {"action_time": "2023-12-26T10:26:17.996Z", "user": 8, "content_type": 6, "object_id": "4", "object_repr": "EXCHANGERS – SHELL & PIPE (PAIR) Manufacturer: Enerflex in 2009", "action_flag": 2, "change_message": "[{\"changed\": {\"fields\": [\"Price\"]}}]"}}, {"model": "admin.logentry", "pk": 63, "fields": {"action_time": "2023-12-26T10:26:28.063Z", "user": 8, "content_type": 6, "object_id": "5", "object_repr": "REBOILER – “BKU” Manufacturer: Exchanger Industries in 2009 Tema Type: BKU", "action_flag": 2, "change_message": "[{\"changed\": {\"fields\": [\"Price\"]}}]"}}, {"model": "admin.logentry", "pk": 64, "fields": {"action_time": "2023-12-26T10:26:40.161Z", "user": 8, "content_type": 6, "object_id": "6", "object_repr": "GLYCOL / HOT OIL HEATER 26MMBTU/H  Simoneau Aqutube Model AQT 1200T Packaged in 2009 and never put into service", "action_flag": 2, "change_message": "[{\"changed\": {\"fields\": [\"Price\"]}}]"}}, {"model": "admin.logentry", "pk": 65, "fields": {"action_time": "2023-12-26T10:26:46.099Z", "user": 8, "content_type": 6, "object_id": "6", "object_repr": "GLYCOL / HOT OIL HEATER 26MMBTU/H  Simoneau Aqutube Model AQT 1200T Packaged in 2009 and never put into service", "action_flag": 2, "change_message": "[]"}}, {"model": "admin.logentry", "pk": 66, "fields": {"action_time": "2023-12-26T10:27:01.237Z", "user": 8, "content_type": 6, "object_id": "12", "object_repr": "EZY Torque Precision Cathead", "action_flag": 2, "change_message": "[{\"changed\": {\"fields\": [\"Price\"]}}]"}}, {"model": "admin.logentry", "pk": 67, "fields": {"action_time": "2023-12-26T10:27:09.466Z", "user": 8, "content_type": 6, "object_id": "13", "object_repr": "DEETHANIZER TOWER", "action_flag": 2, "change_message": "[{\"changed\": {\"fields\": [\"Price\"]}}]"}}, {"model": "admin.logentry", "pk": 68, "fields": {"action_time": "2023-12-26T10:27:15.885Z", "user": 8, "content_type": 6, "object_id": "14", "object_repr": "GAS FILTER SEPARATOR", "action_flag": 2, "change_message": "[{\"changed\": {\"fields\": [\"Price\"]}}]"}}, {"model": "admin.logentry", "pk": 69, "fields": {"action_time": "2023-12-26T10:27:22.957Z", "user": 8, "content_type": 6, "object_id": "15", "object_repr": "FORCED DRAFT COOLERS (2)", "action_flag": 2, "change_message": "[{\"changed\": {\"fields\": [\"Price\"]}}]"}}, {"model": "admin.logentry", "pk": 70, "fields": {"action_time": "2023-12-26T10:27:31.887Z", "user": 8, "content_type": 6, "object_id": "16", "object_repr": "ADSORBER TOWERS – 2", "action_flag": 2, "change_message": "[{\"changed\": {\"fields\": [\"Price\"]}}]"}}, {"model": "admin.logentry", "pk": 71, "fields": {"action_time": "2023-12-26T10:27:36.739Z", "user": 8, "content_type": 6, "object_id": "16", "object_repr": "ADSORBER TOWERS – 2", "action_flag": 2, "change_message": "[]"}}, {"model": "admin.logentry", "pk": 72, "fields": {"action_time": "2023-12-26T10:27:44.227Z", "user": 8, "content_type": 6, "object_id": "17", "object_repr": "HYDROGENATOR VESSEL", "action_flag": 2, "change_message": "[{\"changed\": {\"fields\": [\"Price\"]}}]"}}, {"model": "admin.logentry", "pk": 73, "fields": {"action_time": "2023-12-26T10:27:54.947Z", "user": 8, "content_type": 6, "object_id": "18", "object_repr": "GLOBE VALVES – (8)", "action_flag": 2, "change_message": "[{\"changed\": {\"fields\": [\"Price\"]}}]"}}, {"model": "admin.logentry", "pk": 74, "fields": {"action_time": "2023-12-26T10:28:00.026Z", "user": 8, "content_type": 6, "object_id": "17", "object_repr": "HYDROGENATOR VESSEL", "action_flag": 2, "change_message": "[]"}}, {"model": "admin.logentry", "pk": 75, "fields": {"action_time": "2023-12-26T10:28:06.662Z", "user": 8, "content_type": 6, "object_id": "18", "object_repr": "GLOBE VALVES – (8)", "action_flag": 2, "change_message": "[]"}}, {"model": "admin.logentry", "pk": 76, "fields": {"action_time": "2023-12-26T10:28:11.569Z", "user": 8, "content_type": 6, "object_id": "19", "object_repr": "GLOBE VALVES – (2)", "action_flag": 2, "change_message": "[{\"changed\": {\"fields\": [\"Price\"]}}]"}}, {"model": "admin.logentry", "pk": 77, "fields": {"action_time": "2023-12-26T10:28:16.446Z", "user": 8, "content_type": 6, "object_id": "20", "object_repr": "BALL VALVES c/w ACTUATORS (2)", "action_flag": 2, "change_message": "[{\"changed\": {\"fields\": [\"Price\"]}}]"}}, {"model": "admin.logentry", "pk": 78, "fields": {"action_time": "2023-12-26T10:28:22.949Z", "user": 8, "content_type": 6, "object_id": "21", "object_repr": "PUMPS c/w 200 HP MOTORS (2)", "action_flag": 2, "change_message": "[{\"changed\": {\"fields\": [\"Price\"]}}]"}}, {"model": "admin.logentry", "pk": 79, "fields": {"action_time": "2023-12-26T10:28:28.595Z", "user": 8, "content_type": 6, "object_id": "22", "object_repr": "AFTER FILTER VESSELS 7", "action_flag": 2, "change_message": "[{\"changed\": {\"fields\": [\"Price\"]}}]"}}, {"model": "auth.permission", "pk": 1, "fields": {"name": "Can add log entry", "content_type": 1, "codename": "add_logentry"}}, {"model": "auth.permission", "pk": 2, "fields": {"name": "Can change log entry", "content_type": 1, "codename": "change_logentry"}}, {"model": "auth.permission", "pk": 3, "fields": {"name": "Can delete log entry", "content_type": 1, "codename": "delete_logentry"}}, {"model": "auth.permission", "pk": 4, "fields": {"name": "Can view log entry", "content_type": 1, "codename": "view_logentry"}}, {"model": "auth.permission", "pk": 5, "fields": {"name": "Can add permission", "content_type": 2, "codename": "add_permission"}}, {"model": "auth.permission", "pk": 6, "fields": {"name": "Can change permission", "content_type": 2, "codename": "change_permission"}}, {"model": "auth.permission", "pk": 7, "fields": {"name": "Can delete permission", "content_type": 2, "codename": "delete_permission"}}, {"model": "auth.permission", "pk": 8, "fields": {"name": "Can view permission", "content_type": 2, "codename": "view_permission"}}, {"model": "auth.permission", "pk": 9, "fields": {"name": "Can add group", "content_type": 3, "codename": "add_group"}}, {"model": "auth.permission", "pk": 10, "fields": {"name": "Can change group", "content_type": 3, "codename": "change_group"}}, {"model": "auth.permission", "pk": 11, "fields": {"name": "Can delete group", "content_type": 3, "codename": "delete_group"}}, {"model": "auth.permission", "pk": 12, "fields": {"name": "Can view group", "content_type": 3, "codename": "view_group"}}, {"model": "auth.permission", "pk": 13, "fields": {"name": "Can add content type", "content_type": 4, "codename": "add_contenttype"}}, {"model": "auth.permission", "pk": 14, "fields": {"name": "Can change content type", "content_type": 4, "codename": "change_contenttype"}}, {"model": "auth.permission", "pk": 15, "fields": {"name": "Can delete content type", "content_type": 4, "codename": "delete_contenttype"}}, {"model": "auth.permission", "pk": 16, "fields": {"name": "Can view content type", "content_type": 4, "codename": "view_contenttype"}}, {"model": "auth.permission", "pk": 17, "fields": {"name": "Can add session", "content_type": 5, "codename": "add_session"}}, {"model": "auth.permission", "pk": 18, "fields": {"name": "Can change session", "content_type": 5, "codename": "change_session"}}, {"model": "auth.permission", "pk": 19, "fields": {"name": "Can delete session", "content_type": 5, "codename": "delete_session"}}, {"model": "auth.permission", "pk": 20, "fields": {"name": "Can view session", "content_type": 5, "codename": "view_session"}}, {"model": "auth.permission", "pk": 21, "fields": {"name": "Can add product", "content_type": 6, "codename": "add_product"}}, {"model": "auth.permission", "pk": 22, "fields": {"name": "Can change product", "content_type": 6, "codename": "change_product"}}, {"model": "auth.permission", "pk": 23, "fields": {"name": "Can delete product", "content_type": 6, "codename": "delete_product"}}, {"model": "auth.permission", "pk": 24, "fields": {"name": "Can view product", "content_type": 6, "codename": "view_product"}}, {"model": "auth.permission", "pk": 25, "fields": {"name": "Can add media", "content_type": 7, "codename": "add_media"}}, {"model": "auth.permission", "pk": 26, "fields": {"name": "Can change media", "content_type": 7, "codename": "change_media"}}, {"model": "auth.permission", "pk": 27, "fields": {"name": "Can delete media", "content_type": 7, "codename": "delete_media"}}, {"model": "auth.permission", "pk": 28, "fields": {"name": "Can view media", "content_type": 7, "codename": "view_media"}}, {"model": "auth.permission", "pk": 29, "fields": {"name": "Can add Accounts", "content_type": 8, "codename": "add_customer"}}, {"model": "auth.permission", "pk": 30, "fields": {"name": "Can change Accounts", "content_type": 8, "codename": "change_customer"}}, {"model": "auth.permission", "pk": 31, "fields": {"name": "Can delete Accounts", "content_type": 8, "codename": "delete_customer"}}, {"model": "auth.permission", "pk": 32, "fields": {"name": "Can view Accounts", "content_type": 8, "codename": "view_customer"}}, {"model": "auth.permission", "pk": 33, "fields": {"name": "Can add My Client", "content_type": 9, "codename": "add_myclient"}}, {"model": "auth.permission", "pk": 34, "fields": {"name": "Can change My Client", "content_type": 9, "codename": "change_myclient"}}, {"model": "auth.permission", "pk": 35, "fields": {"name": "Can delete My Client", "content_type": 9, "codename": "delete_myclient"}}, {"model": "auth.permission", "pk": 36, "fields": {"name": "Can view My Client", "content_type": 9, "codename": "view_myclient"}}, {"model": "auth.permission", "pk": 37, "fields": {"name": "Can add order", "content_type": 10, "codename": "add_order"}}, {"model": "auth.permission", "pk": 38, "fields": {"name": "Can change order", "content_type": 10, "codename": "change_order"}}, {"model": "auth.permission", "pk": 39, "fields": {"name": "Can delete order", "content_type": 10, "codename": "delete_order"}}, {"model": "auth.permission", "pk": 40, "fields": {"name": "Can view order", "content_type": 10, "codename": "view_order"}}, {"model": "auth.permission", "pk": 41, "fields": {"name": "Can add order item", "content_type": 11, "codename": "add_orderitem"}}, {"model": "auth.permission", "pk": 42, "fields": {"name": "Can change order item", "content_type": 11, "codename": "change_orderitem"}}, {"model": "auth.permission", "pk": 43, "fields": {"name": "Can delete order item", "content_type": 11, "codename": "delete_orderitem"}}, {"model": "auth.permission", "pk": 44, "fields": {"name": "Can view order item", "content_type": 11, "codename": "view_orderitem"}}, {"model": "contenttypes.contenttype", "pk": 1, "fields": {"app_label": "admin", "model": "logentry"}}, {"model": "contenttypes.contenttype", "pk": 2, "fields": {"app_label": "auth", "model": "permission"}}, {"model": "contenttypes.contenttype", "pk": 3, "fields": {"app_label": "auth", "model": "group"}}, {"model": "contenttypes.contenttype", "pk": 4, "fields": {"app_label": "contenttypes", "model": "contenttype"}}, {"model": "contenttypes.contenttype", "pk": 5, "fields": {"app_label": "sessions", "model": "session"}}, {"model": "contenttypes.contenttype", "pk": 6, "fields": {"app_label": "store", "model": "product"}}, {"model": "contenttypes.contenttype", "pk": 7, "fields": {"app_label": "store", "model": "media"}}, {"model": "contenttypes.contenttype", "pk": 8, "fields": {"app_label": "account", "model": "customer"}}, {"model": "contenttypes.contenttype", "pk": 9, "fields": {"app_label": "account", "model": "myclient"}}, {"model": "contenttypes.contenttype", "pk": 10, "fields": {"app_label": "order", "model": "order"}}, {"model": "contenttypes.contenttype", "pk": 11, "fields": {"app_label": "order", "model": "orderitem"}}, {"model": "sessions.session", "pk": "77susbg3q3rl6ptd1qys69u6wj932ivj", "fields": {"session_data": "eyJnYmJhc2tldCI6e319:1qOd5S:b4hVKSvGjoz3NaiXCqakeL7_Xub9CTi118JIpBe_VCM", "expire_date": "2023-08-09T11:53:50.507Z"}}, {"model": "sessions.session", "pk": "7eft28e9730bw1y8jp6egy6r2xkk6kfb", "fields": {"session_data": ".eJxVjDsOgzAQRO_iOrLWP3Ao0-cMaG2vgRBBgk0RIe4eLFEkzRQzb97GWlxz366JlnYIrGGCXX47h36kqQzhgVM3cz9PeRkcLwg_18Tvc6Dn7WT_BD2mvrwFhhgMREcgQ-1QiwpBSTCVI6vxGqMlWxsfnFHGSBSWNAljlSasUB_SzjlMI2XWbEzokq9l8HTIpQIADnBA7_xhjdj3_Qua5kWl:1qP0IB:-yvpx8SYTeNQP1Lo813wwC-_1XHGIYWBkMUHoF5I7dk", "expire_date": "2023-08-10T12:40:31.023Z"}}, {"model": "sessions.session", "pk": "82ebpa5qhg044wh5v1u47zpo57bbt82f", "fields": {"session_data": ".eJxVjDEOgzAMRe_iuYoSiCFl7M4ZkI0doFQgkTAh7l4hsbD-994_YGCmNGuG5jhf0NGex25PunWTQAMOHhtTP-tyAfnSMqymX5e8TWwuxdw0mXYV_X1u93EwUhqv2pFEQRtZbSE1k3cV2bKwWLEGT-8Yg4Yae2EsEQtyQb06DKVXqsjD-Qdvzj05:1qOgCH:e-xhU5jGCow2mAIDvZFZVQZzwdPdIr0YfaPU-ZokCEE", "expire_date": "2023-08-09T15:13:05.870Z"}}, {"model": "sessions.session", "pk": "a39oes3xk1e0j4lzficxqa7uevww3txf", "fields": {"session_data": "eyJnYmJhc2tldCI6e319:1rGKZa:TjbqDegojr77Zs_NVbWUYg801GCnyWJezAWV3QWTKdg", "expire_date": "2024-01-04T15:02:54.635Z"}}, {"model": "sessions.session", "pk": "b26sslh55tp5i891vh19shkuh52vfh7t", "fields": {"session_data": "eyJnYmJhc2tldCI6eyI1Ijp7InByaWNlIjoiNzgwMDAuMDAiLCJxdHkiOjF9fX0:1qOero:FUwr3_Kk56Kvdoy-YfKt1_aEl2U6O1JSbUW8XOU6YgU", "expire_date": "2023-08-09T13:47:52.334Z"}}, {"model": "sessions.session", "pk": "nrj3e61kiucao6gn2rs1c8gnzu20z42i", "fields": {"session_data": ".eJxVjjEOgzAQBP_iOrI4sM9AmZ43oPP5DIQIJAwV4u-JJYqk3Zld7al6OvaxP5Js_RRUq1A9fjNPPMuSQXjRMqya12XfJq-zom-adLcGeT9v929gpDR-2xEh1A7BNOQEHVjiBkvHQEUFlWBkARQTgxUoXDTkGhau6ljWaFnyq8F7SrPsqj2v6wMJuDzS:1qey4H:Ody24X5491PgLyQGptciYMFqVdWrM27gSXBfbbPhCzk", "expire_date": "2023-09-23T13:32:09.615Z"}}, {"model": "sessions.session", "pk": "tbqpq6yb4xhh0ej8c4715j2tpzuq8lmj", "fields": {"session_data": ".eJxVjDEOgzAQBP9ydWQdOIdtyvR5g3X22UCIQMJQIf6eINHQ7szsDl0IXMa0QrsfD_C8rb3fSlr8INCChdsWOI5pOoF8eOpmFedpXYagTkVdtKj3LOn7utzbQc-l_9foJNYmNcY9NTEGjakhp5FRmlRVps4Oo2WpUIhyzSEbYhayZE22TsPxAzwmPGI:1rI4uM:Ty39-z2l0_jt1eYAZaAEBNeKXHW2xwPk70JwUWXOPwU", "expire_date": "2024-01-09T10:43:34.192Z"}}, {"model": "sessions.session", "pk": "vvcsbruiaevdfrz8asitdw2idndpy4g0", "fields": {"session_data": ".eJxVjDsOgzAQBe_iOrKM7fhDmZ4zoF17FwgRSBgqxN0DEkXSvpk3u2hhW_t2K7S0Qxa1qMTjd0NII00XyG-YulmmeVqXAeWlyJsW2cyZPq_b_Qv0UPrzbTIldhX45IOlaLUKmqMPxGisd8jmycmRiWx00t6q6NGBUQqqwCbGM9ohQhlpFfV-HF8SyDx1:1qPNDe:8kFn4GRi6bdaFw6xkgmDUnX39iCPt2zeB_g93_4v7to", "expire_date": "2023-08-11T13:09:22.838Z"}}, {"model": "sessions.session", "pk": "zd8w7378wz49t210opwzzofk7oo215pk", "fields": {"session_data": ".eJyrVkpPSkoszk4tUbKqVjIFEQVFmcmpSlZK5hYGBgZ6BgZKOkqFJZVKVoa1OkpGyAosTDEVmCErsDTGVGCCrMDQyABThSGKClMsKozxW1JbCwANODhs:1qOdJY:rVTGfxYe0obRQlyxExnwhofCItuzufBM_o9pudNNoBs", "expire_date": "2023-08-09T12:08:24.563Z"}}, {"model": "store.product", "pk": 1, "fields": {"title": "Water Filtration Skids (2) 20,000 BWPD @ 720 PSI Peco 57-66-229-28-701-6F", "description": "Lorem Ipsum is simply dummy text of the printing and typesetting industry. Lorem Ipsum has been the industry's standard dummy text ever since the 1500s, when an unknown printer took a galley of type and scrambled it to make a type specimen book. It has survived not only five centuries, but also the leap into electronic typesetting, remaining essentially unchanged. It was popularised in the 1960s with the release of Letraset sheets containing Lorem Ipsum passages, and more recently with desktop publishing software like Aldus PageMaker including versions of Lorem Ipsum.", "price": "1500000.00", "created": "2023-07-22T21:18:54.501Z", "updated": "2023-12-26T10:25:41.820Z"}}, {"model": "store.product", "pk": 2, "fields": {"title": "VERTICAL PARTICLE FILTERS (3)", "description": "Sour Service\r\nPS Filter Model: PB-36-1230-8F-256-1\r\n36″ ID x 42″ S/S\r\n256 PSI @ 212° F\r\nInlet & OutLet: 8″ 150# RF\r\nManway: 36″ 150# Quick Closure\r\nCA: 0.125″\r\nMDMT: -50° F\r\nReplacement Element: PBC-5AB-24P\r\nDesign Capacity: 31,753 Gallons / h\r\nInsulated: No\r\nCRN#: U-8219.2\r\n“U” Stamp: Yes\r\nNational Board #: Yes\r\nOverall Height: 132″\r\nShipping Weight: 4,000 Lbs.", "price": "850000.00", "created": "2023-07-22T21:22:20.361Z", "updated": "2023-12-26T10:25:52.436Z"}}, {"model": "store.product", "pk": 3, "fields": {"title": "Vertical Carbon Filter Sour Service 72″ ID x 20′-0″ S/S x 256 PSI", "description": "VERTICAL CARBON FILTER\r\nBuilt in 2009 as Rich Amine Carbon Filter\r\nSour Service\r\nPS Filter Model: 72-240-#F-258\r\n72″ ID x 20′-0″ S/S\r\n256 PSI @ 212° F\r\nInlet & OutLet: 3″ 150# RF\r\nManways: 2 x 24″\r\nCA: 0.125″\r\nMDMT: -50° F\r\nElement Type: Dumped Carbon\r\nDesign Capacity:\r\nInsulated: Yes\r\nHeat Traced: Bottom 1/3\r\nCRN#: U-8910.2\r\n“U” Stamp: Yes\r\nNational Board #: Yes, Overall Height: 132″, Shipping Weight: 22,000 Lbs.", "price": "930000.00", "created": "2023-07-22T22:05:16.137Z", "updated": "2023-12-26T10:26:03.088Z"}}, {"model": "store.product", "pk": 4, "fields": {"title": "EXCHANGERS – SHELL & PIPE (PAIR) Manufacturer: Enerflex in 2009", "description": "HEAT EXCHANGERS – SHELL & PIPE (PAIR)\r\nSize: 42″ OD x 30′-0″ S/S\r\nShell: 190 PSI @ 400° F\r\nPipe: 4500 PSI @ 400° F\r\n8 Passes of 4″ Sch. XXL Sour Service\r\nHead Material: SA-516-70N\r\nShell Material: SA-516-70N\r\nPipe Material: SA-333-Gr. 6\r\nCorrosion Allowance: 0.125″\r\nP.W.H.T: Yes\r\nRadiography: 100% (RT-1)\r\n“U” Stamp: Yes\r\nInsulated: No\r\nShell Inlet: 4″ 300# RFWN\r\nShell Outlet: 4″ 300# RFWN\r\nPipe Inlet: 4″ 2500# RFWN\r\nPipe Outlet: 4″ 2500# RFWN\r\nWeight: 20,000 LBS (Each)", "price": "1200300.00", "created": "2023-07-22T22:08:50.848Z", "updated": "2023-12-26T10:26:17.994Z"}}, {"model": "store.product", "pk": 5, "fields": {"title": "REBOILER – “BKU” Manufacturer: Exchanger Industries in 2009 Tema Type: BKU", "description": "REBOILER – “BKU”\r\nManufacturer: Exchanger Industries in 2009\r\nTema Type: BKU\r\n26MMBtu/h\r\nHeat Surface Area: 3771.6 Ft.²\r\nSize: 40/57-273\r\nShell: 50 PSI @ 300° F\r\nTube: 333 PSI @ 400° F\r\nHead Material: SA-240-316L Stainless Steel\r\nTube Material: SA-789-UNS31803 Duplex Stainless Steel\r\nCA Channel: 0.125″\r\nRT-1\r\n“U” Stamp\r\nInsulated: No\r\nWeight: 30,690 LBS", "price": "780000.00", "created": "2023-07-22T22:11:24.480Z", "updated": "2023-12-26T10:26:28.060Z"}}, {"model": "store.product", "pk": 6, "fields": {"title": "GLYCOL / HOT OIL HEATER 26MMBTU/H  Simoneau Aqutube Model AQT 1200T Packaged in 2009 and never put into service", "description": "26MMBTU/H \r\nSimoneau Aqutube Model AQT 1200T\r\nPackaged in 2009 and never put into service\r\n420 PSI @ 650° F\r\nHeat Surface Area: 3145 ft.²\r\nWater Inlet & Outlet: 10″ 300# RF\r\nOperating Weight: 65,000 Lbs.\r\n132 W x 373″ L x 146″ H\r\nStack: 33″ OD x 414″ H (2,600 Lbs.)\r\nStack Support Frame\r\nBlower: 50 HP (575V/60 Hz)\r\nSkidded", "price": "930300.00", "created": "2023-07-22T22:13:39.571Z", "updated": "2023-12-26T10:26:46.097Z"}}, {"model": "store.product", "pk": 12, "fields": {"title": "EZY Torque Precision Cathead", "description": "The EZY Torque which operates manual tongs remotely and it is capable of providing a very high force pull. The hydraulic power unit runs the cylinder. The cylinder operates in conjunction with the cathead.\r\nThe cylinder extends 25”. In the upright position, this typically requires a hole in the floor and no obstructions below. In the inverted position, clearance is needed overhead. The cable in either installation has to be at tong height. The upright position is preferred because it 1) takes the least space, 2) requires the least bracing material, 3) is easier to service, and 4) uses less connection hose. However, rig conditions may make the inverted installation more practical. The cylinder’s supporting structure is not provided.", "price": "934300.00", "created": "2023-07-25T19:56:34.851Z", "updated": "2023-12-26T10:27:01.235Z"}}, {"model": "store.product", "pk": 13, "fields": {"title": "DEETHANIZER TOWER", "description": "Built in 1996\r\nSize: 20″ OD x 54′-0″ S/S\r\nDesign Pressure: 400 PSI\r\nDesign Temperature: -20°/150°F\r\nShell Material: SA-516-70\r\nHead Material: SA-516-70\r\nTrays: 16\r\nReflux Condenser\r\nUsed & Stored in Alberta", "price": "490000.00", "created": "2023-07-27T12:37:23.405Z", "updated": "2023-12-26T10:27:09.464Z"}}, {"model": "store.product", "pk": 14, "fields": {"title": "GAS FILTER SEPARATOR", "description": "Built in 1994 and never put into service\r\nPeco Model 75V-4-FG324-16-1416-WP\r\n16″ OD x 7′-2″ S/S\r\n1416 PSI @ 148° F\r\nSize: 9′-6″ OAL\r\nShell Material: SA-106-C\r\nHead Material: SA-516-70N\r\nRadiography: RT-2\r\nCorrosion Allowance: 0.0625″\r\nGas Inlet: 6″ 600# RF\r\nGas Outlet: 6″ 600# RF", "price": "230000.00", "created": "2023-07-27T12:39:34.105Z", "updated": "2023-12-26T10:27:15.883Z"}}, {"model": "store.product", "pk": 15, "fields": {"title": "FORCED DRAFT COOLERS (2)", "description": "Section A: 1.00MMBTU/H\r\nDP: Atmospheric\r\nSurface Per Unit-Finned Tube: 10,410 Ft.²\r\nTubes: 198 x 1″ OD x 14′ Long\r\nTube Material: SA-214\r\nInlet / Outlet: 6″ 600# RF\r\n\r\nSection B: 0.127MMBTU/H\r\nDP: Atmospheric\r\nSurface Per Unit-Finned Tube: 2,485 Ft.²\r\nTubes: 22 x 1″ OD x 14′ Long\r\nTube Material: SA-214\r\nInlet / Outlet: 1½” 600# RF\r\n\r\nFans Per Unit: Two 15 HP (575/3/60)\r\nShipping Dimensions: 132″ W x 331″ L\r\nShipping Weight: 12,200 Lbs. each", "price": "775000.00", "created": "2023-07-27T13:10:11.002Z", "updated": "2023-12-26T10:27:22.955Z"}}, {"model": "store.product", "pk": 16, "fields": {"title": "ADSORBER TOWERS – 2", "description": "Built by Maloney in 1973\r\n60″ OD x 23′-8″ S/S\r\n30′-2″ OAL\r\n1100 PSI @ 600° F\r\nCorrosion Allowance: .125″\r\nMDMT:\r\nRT-1\r\nCRN #: B 1834.2\r\n“U” Stamp: Yes\r\nHead Material: SA-516-70N\r\nShell Material: SA-516-70N\r\nInlet: 6″ 600# RFWN\r\nOutlet: 6″ 600# RFWN\r\nFill: 6″ 600# RFWN\r\nManway: 18″ 600# RFWN\r\nVolume: 440 ft³\r\nInsulated: No\r\nInternal Coating Head: 3″ Micracrete\r\nInternal Coating Shell: 2″ Durolite & 1″ Novacrete\r\nWeight Empty: 42,000 Lbs.", "price": "1100000.00", "created": "2023-07-27T13:12:30.433Z", "updated": "2023-12-26T10:27:36.736Z"}}, {"model": "store.product", "pk": 17, "fields": {"title": "HYDROGENATOR VESSEL", "description": "Built in 2008\r\n11′-6″ ID x 14′-10″ S/S\r\n42′-0″ OAL\r\n750° F\r\nShell: SA-387 GR11 Cl2\r\nHead: SA-387 GR11 Cl2\r\nRT-1\r\nRadiography: Full\r\nP.W.H.T.: Yes\r\nCA: 0.125″\r\nInlet: 14″ 600 RF\r\nOutlet: 14″ 600 RF\r\nManway: 12″ 600# RF\r\nCapacity: 1939 Ft.³\r\nWeight Empty: 125,223 Lbs.\r\nCRN: Yes\r\n“U” Stamp: Yes\r\nNational Board #: Yes", "price": "897000.00", "created": "2023-07-27T13:15:02.442Z", "updated": "2023-12-26T10:28:00.022Z"}}, {"model": "store.product", "pk": 18, "fields": {"title": "GLOBE VALVES – (8)", "description": "Built by OMB (Italy)\r\nOS&Y\r\nSize: 0.75″ SW x SW\r\nClass: 1500#\r\nBolted Bonnet\r\nBody Monel 400\r\nStem: Monel\r\nDisc: Monel\r\nSeat: Monel HF", "price": "197000.00", "created": "2023-07-27T13:45:49.710Z", "updated": "2023-12-26T10:28:06.659Z"}}, {"model": "store.product", "pk": 19, "fields": {"title": "GLOBE VALVES – (2)", "description": "Manufacturer: Raimondi Type VY\r\nOS&Y, ​Y Pattern, Pressure Seal Bonnet\r\nSize: 6″ 1500#\r\nEnds: Butt Weld (Sch. 160)\r\nBody: A-216 WCB\r\nStem: XM19\r\nSeat: HF\r\nDisc: 18-8SMO\r\nSour Service (Trim 12)\r\nActuator: Tezal C-25", "price": "129500.00", "created": "2023-07-27T13:47:17.424Z", "updated": "2023-12-26T10:28:11.567Z"}}, {"model": "store.product", "pk": 20, "fields": {"title": "BALL VALVES c/w ACTUATORS (2)", "description": "Built by WKM\r\nModel: 370D\r\nSize: 2″ x 2″\r\nClass: 2500#\r\nEnds: Flanged RTJ\r\nBettis CBA830SR80-11-CW Actuator\r\nKingston Relief Valve\r\nTopworx Positioner\r\nFisher Pressure Regulator\r\nASCO Solenoid Valve", "price": "170500.00", "created": "2023-07-27T13:48:50.747Z", "updated": "2023-12-26T10:28:16.444Z"}}, {"model": "store.product", "pk": 21, "fields": {"title": "PUMPS c/w 200 HP MOTORS (2)", "description": "Mud Injection Pumps\r\nWheatley 308TL-7XL\r\n14,768 BOPD @ 554 PSIG Δp\r\nMotors: 200 HP (460/3/60)\r\nCrated & Stored inside", "price": "220200.00", "created": "2023-07-27T13:51:06.038Z", "updated": "2023-12-26T10:28:22.947Z"}}, {"model": "store.product", "pk": 22, "fields": {"title": "AFTER FILTER VESSELS 7", "description": "Built by Ecodyne in 2014\r\nHLS Effluent Water Service\r\n13′-0″ OD x 8′-0″\r\nDesign Pressure: 150 PSI @ 248° F\r\nCA: 0.125″\r\nRT-2\r\n“U” Stamp\r\nInlet & Outlets: 12″ 150# RFWN\r\nMedia Removal: 4″ 150# RFWN\r\nTop Manway: 24″ 150# RFWN\r\nBottom Manway: 24″ 150# RFWN\r\nExternal Cladding\r\nRemovable Internals: 316L Stainless Steel\r\nLadders", "price": "678000.00", "created": "2023-07-27T13:52:33.599Z", "updated": "2023-12-26T10:28:28.592Z"}}, {"model": "store.product", "pk": 23, "fields": {"title": "2000m Top Drive Truck Mounted Mine Crude drilling machine", "description": "Oil API Drilling Equipment Rig Oilfield Drilling Borehole Machinery.\r\nConstruction works , Energy & Mining\r\nPLC, Engine, Bearing, Motor, Pressure vessel, Gear, Pump\r\nRotary Drilling Rig", "price": "875000.00", "created": "2023-12-26T10:46:02.109Z", "updated": "2023-12-26T10:46:02.195Z"}}, {"model": "store.product", "pk": 24, "fields": {"title": "Oilfield Xj150 Xj250 Xj350 Xj450 Xj550 Xj650 Oil Well Truck mounted drilling rig", "description": "PLC, Engine, Bearing, Gearbox, Motor, Pressure vessel, Gear, Pump\r\n50 KG\r\nWarranty\t1 Year\r\nCondition\tNew\r\nType\tRotary Drilling Rig\r\nPower Type\tDiesel\r\nBrand Name\tBeyond\r\nModel Number\tXJ250\r\nVoltage\t250hp\r\nDimension(L*W*H)\t60.7x9.5x13.8ft\r\nProduct Name\tXJ250 Oil Drilling Rig\r\nBrand\tBEYOND\r\nColor\tRed\r\nApplication\tOil Well Drilling\r\nCertification\tAPI ISO\r\nDimension\t60.7x9.5x13.8ft\r\nWeight\t50,000kgs\r\nEngine Power\t250hp\r\nEngine Type\tDiesel", "price": "1670000.00", "created": "2023-12-26T10:49:58.962Z", "updated": "2023-12-26T10:49:59.035Z"}}, {"model": "store.product", "pk": 25, "fields": {"title": "Oilfield Well Oil Drilling Equipment Rig trailer-mounted oil well drill rig for oil well drilling", "description": "Core Components\tEngine, Motor\r\nPlace of Origin\tShandong, China\r\nWeight\t85000 KG\r\nWarranty\t12 Months\r\nCondition\tNew\r\nType\tRotary Drilling Rig\r\nPower Type\tDiesel\r\nBrand Name\tBEYOND\r\nModel Number\tZJ40CZ\r\nDimension(L*W*H)\t23*3.2*4.8 (m)\r\nTransmission Mode\tHydraulic +Mechnical\r\nMax. hook load\t2250 KN\r\nDrive mode\t14*10\r\nNominal drilling depth (4 1/2\" DP)\t4000m\r\nMast height\t38m\r\nRig floor height\t6 m\r\nWirerope diameter\t32mm\r\nHydraulic system\t21 Mpa\r\nTravelling system\t6*5\r\nPneumatic system\t0.8 Mpa", "price": "480000.00", "created": "2023-12-26T10:53:07.885Z", "updated": "2023-12-26T10:53:07.980Z"}}, {"model": "store.product", "pk": 26, "fields": {"title": "Underground Diesel Engine Hydraulic Mining Drilling Machine", "description": "Weight\t11500 KG\r\nWarranty\t6 Months\r\nMarketing Type\tNew Product 2022\r\nMachinery Test Report\tProvided\r\nVideo outgoing-inspection\tProvided\r\nWarranty of core components\t6 Months\r\nCore Components\tMotor, Pressure vessel, Pump, PLC, Gear, Bearing, Engine, Gearbox\r\nKey Selling Points\tDrill anywhere you want to drill\r\nDrilling Diameter\t300mm, 50mm, 75mm, 60mm, 100mm, 200mm, 450mm, 600mm\r\nDrilling Depth\tMax.30m\r\nCondition\tNew\r\nType\tRotary Drilling Rig\r\nPower Type\tElectric\r\nBrand Name\tHunk\r\nUsage\tOil Drilling\r\nVoltage\t380V\r\nDimension(L*W*H)\t7006*1600*2080 (mm)\r\nMobility\tFour-wheel drive", "price": "383000.00", "created": "2023-12-26T10:57:16.682Z", "updated": "2023-12-26T10:57:16.818Z"}}, {"model": "store.product", "pk": 27, "fields": {"title": "Professional Diesel Trailer Mounted Water Well Drilling Rigs For Drilling Machine", "description": "Weight\t3500 KG\r\nWarranty\t12 months\r\nMarketing Type\t/\r\nMachinery Test Report\tProvide\r\nVideo outgoing-inspection\tProvide\r\nWarranty of core components\t12 months\r\nCore Components\tOther\r\nKey Selling Points\t/\r\nDrilling Diameter\t600 mm\r\nDrilling Depth\t400 mts\r\nCondition\tNew\r\nType\t/\r\nPower Type\tCummins 6BT\r\nBrand Name\tFORWARD\r\nUsage\tWater Well\r\nVoltage\t24 V\r\nDimension(L*W*H)\t8500 x 2250 x 2700 mm\r\nMobility\tYes\r\nHydraulic Chuck\t180 RPM\r\nRotation speed\t18000 Nm\r\nRotation Torque\t500 KN\r\nLifting Force\t1000 mm", "price": "310000.00", "created": "2023-12-26T11:01:29.805Z", "updated": "2023-12-26T11:01:29.906Z"}}, {"model": "store.media", "pk": 1, "fields": {"product": 2, "image": "product_images/p2-1.jpg", "is_featured": false}}, {"model": "store.media", "pk": 2, "fields": {"product": 2, "image": "product_images/p2-2.jpg", "is_featured": false}}, {"model": "store.media", "pk": 3, "fields": {"product": 2, "image": "product_images/p3-3.jpg", "is_featured": true}}, {"model": "store.media", "pk": 4, "fields": {"product": 1, "image": "product_images/p3-1.jpg", "is_featured": false}}, {"model": "store.media", "pk": 5, "fields": {"product": 1, "image": "product_images/p3-2.jpg", "is_featured": false}}, {"model": "store.media", "pk": 6, "fields": {"product": 1, "image": "product_images/p3-4.jpg", "is_featured": false}}, {"model": "store.media", "pk": 7, "fields": {"product": 1, "image": "product_images/p3-5.jpg", "is_featured": false}}, {"model": "store.media", "pk": 8, "fields": {"product": 1, "image": "product_images/p3-6.jpg", "is_featured": true}}, {"model": "store.media", "pk": 9, "fields": {"product": 1, "image": "product_images/p3-7.jpg", "is_featured": false}}, {"model": "store.media", "pk": 10, "fields": {"product": 3, "image": "product_images/p4-1.jpg", "is_featured": true}}, {"model": "store.media", "pk": 11, "fields": {"product": 3, "image": "product_images/p4-2.jpg", "is_featured": false}}, {"model": "store.media", "pk": 12, "fields": {"product": 3, "image": "product_images/p4-3.jpg", "is_featured": false}}, {"model": "store.media", "pk": 13, "fields": {"product": 4, "image": "product_images/p5-1.jpg", "is_featured": false}}, {"model": "store.media", "pk": 14, "fields": {"product": 4, "image": "product_images/p5-2.jpg", "is_featured": false}}, {"model": "store.media", "pk": 15, "fields": {"product": 4, "image": "product_images/p5-3.jpg", "is_featured": false}}, {"model": "store.media", "pk": 16, "fields": {"product": 4, "image": "product_images/p5-4.jpg", "is_featured": true}}, {"model": "store.media", "pk": 17, "fields": {"product": 5, "image": "product_images/p6-1.jpg", "is_featured": false}}, {"model": "store.media", "pk": 18, "fields": {"product": 5, "image": "product_images/p6-2.jpg", "is_featured": true}}, {"model": "store.media", "pk": 19, "fields": {"product": 6, "image": "product_images/p7-1.jpg", "is_featured": true}}, {"model": "store.media", "pk": 20, "fields": {"product": 6, "image": "product_images/p7-2.jpg", "is_featured": false}}, {"model": "store.media", "pk": 21, "fields": {"product": 6, "image": "product_images/p7-3.jpg", "is_featured": false}}, {"model": "store.media", "pk": 22, "fields": {"product": 6, "image": "product_images/p7-4.jpg", "is_featured": false}}, {"model": "store.media", "pk": 23, "fields": {"product": 6, "image": "product_images/p7-5.jpg", "is_featured": false}}, {"model": "store.media", "pk": 24, "fields": {"product": 6, "image": "product_images/p7-6.jpg", "is_featured": false}}, {"model": "store.media", "pk": 25, "fields": {"product": 6, "image": "product_images/p7-7.jpg", "is_featured": false}}, {"model": "store.media", "pk": 32, "fields": {"product": 12, "image": "product_images/p8-1.png", "is_featured": true}}, {"model": "store.media", "pk": 33, "fields": {"product": 12, "image": "product_images/p8-2.png", "is_featured": false}}, {"model": "store.media", "pk": 34, "fields": {"product": 12, "image": "product_images/p8-3.png", "is_featured": false}}, {"model": "store.media", "pk": 35, "fields": {"product": 13, "image": "product_images/p8-1.jpg", "is_featured": true}}, {"model": "store.media", "pk": 36, "fields": {"product": 13, "image": "product_images/p8-2.jpg", "is_featured": false}}, {"model": "store.media", "pk": 37, "fields": {"product": 13, "image": "product_images/p8-3.jpg", "is_featured": false}}, {"model": "store.media", "pk": 38, "fields": {"product": 13, "image": "product_images/p8-4.jpg", "is_featured": false}}, {"model": "store.media", "pk": 39, "fields": {"product": 14, "image": "product_images/p9-1.jpg", "is_featured": true}}, {"model": "store.media", "pk": 40, "fields": {"product": 14, "image": "product_images/p9-2.jpg", "is_featured": false}}, {"model": "store.media", "pk": 41, "fields": {"product": 15, "image": "product_images/p10-1.jpg", "is_featured": true}}, {"model": "store.media", "pk": 42, "fields": {"product": 15, "image": "product_images/p10-2.jpg", "is_featured": false}}, {"model": "store.media", "pk": 43, "fields": {"product": 15, "image": "product_images/p10-3.jpg", "is_featured": false}}, {"model": "store.media", "pk": 44, "fields": {"product": 15, "image": "product_images/p10-4.jpg", "is_featured": false}}, {"model": "store.media", "pk": 45, "fields": {"product": 16, "image": "product_images/p11-1.jpg", "is_featured": true}}, {"model": "store.media", "pk": 46, "fields": {"product": 16, "image": "product_images/p11-2.jpg", "is_featured": false}}, {"model": "store.media", "pk": 47, "fields": {"product": 16, "image": "product_images/p11-3.jpg", "is_featured": false}}, {"model": "store.media", "pk": 48, "fields": {"product": 16, "image": "product_images/p11-4.jpg", "is_featured": false}}, {"model": "store.media", "pk": 49, "fields": {"product": 17, "image": "product_images/p12-1.jpg", "is_featured": false}}, {"model": "store.media", "pk": 50, "fields": {"product": 17, "image": "product_images/p12-2.jpg", "is_featured": false}}, {"model": "store.media", "pk": 51, "fields": {"product": 17, "image": "product_images/p12-3.jpg", "is_featured": false}}, {"model": "store.media", "pk": 52, "fields": {"product": 17, "image": "product_images/p12-4.jpg", "is_featured": true}}, {"model": "store.media", "pk": 53, "fields": {"product": 17, "image": "product_images/p12-5.jpg", "is_featured": false}}, {"model": "store.media", "pk": 54, "fields": {"product": 17, "image": "product_images/p12-6.jpg", "is_featured": false}}, {"model": "store.media", "pk": 55, "fields": {"product": 18, "image": "product_images/p13-1.jpg", "is_featured": false}}, {"model": "store.media", "pk": 56, "fields": {"product": 18, "image": "product_images/p13-2.jpg", "is_featured": true}}, {"model": "store.media", "pk": 57, "fields": {"product": 19, "image": "product_images/p14-1.jpg", "is_featured": true}}, {"model": "store.media", "pk": 58, "fields": {"product": 19, "image": "product_images/p14-2.jpg", "is_featured": false}}, {"model": "store.media", "pk": 59, "fields": {"product": 19, "image": "product_images/p14-3.jpg", "is_featured": false}}, {"model": "store.media", "pk": 60, "fields": {"product": 20, "image": "product_images/p15-1.jpg", "is_featured": true}}, {"model": "store.media", "pk": 61, "fields": {"product": 20, "image": "product_images/p15-2.jpg", "is_featured": false}}, {"model": "store.media", "pk": 62, "fields": {"product": 20, "image": "product_images/p15-3.jpg", "is_featured": false}}, {"model": "store.media", "pk": 63, "fields": {"product": 21, "image": "product_images/p16-1.jpg", "is_featured": true}}, {"model": "store.media", "pk": 64, "fields": {"product": 21, "image": "product_images/p16-2.jpg", "is_featured": false}}, {"model": "store.media", "pk": 65, "fields": {"product": 22, "image": "product_images/p17-1.jpg", "is_featured": true}}, {"model": "store.media", "pk": 66, "fields": {"product": 22, "image": "product_images/p17-2.jpg", "is_featured": false}}, {"model": "store.media", "pk": 67, "fields": {"product": 22, "image": "product_images/p17-3.jpg", "is_featured": false}}, {"model": "store.media", "pk": 68, "fields": {"product": 23, "image": "product_images/1.webp", "is_featured": false}}, {"model": "store.media", "pk": 69, "fields": {"product": 23, "image": "product_images/2.webp", "is_featured": true}}, {"model": "store.media", "pk": 70, "fields": {"product": 23, "image": "product_images/3.webp", "is_featured": false}}, {"model": "store.media", "pk": 71, "fields": {"product": 23, "image": "product_images/4.webp", "is_featured": false}}, {"model": "store.media", "pk": 72, "fields": {"product": 23, "image": "product_images/5.webp", "is_featured": false}}, {"model": "store.media", "pk": 73, "fields": {"product": 23, "image": "product_images/Haf2a7a7db8af4e48a73636ee1c6f7d00A.jpg_720x720q50.webp", "is_featured": false}}, {"model": "store.media", "pk": 74, "fields": {"product": 24, "image": "product_images/1_VywoBIC.webp", "is_featured": true}}, {"model": "store.media", "pk": 75, "fields": {"product": 24, "image": "product_images/2_R9OTz3G.webp", "is_featured": false}}, {"model": "store.media", "pk": 76, "fields": {"product": 24, "image": "product_images/3_IpCqQ0V.webp", "is_featured": false}}, {"model": "store.media", "pk": 77, "fields": {"product": 24, "image": "product_images/4_tH0S2nu.webp", "is_featured": false}}, {"model": "store.media", "pk": 78, "fields": {"product": 24, "image": "product_images/5_lMhMfKt.webp", "is_featured": false}}, {"model": "store.media", "pk": 79, "fields": {"product": 24, "image": "product_images/6.webp", "is_featured": false}}, {"model": "store.media", "pk": 80, "fields": {"product": 25, "image": "product_images/1_8XC1pjL.webp", "is_featured": false}}, {"model": "store.media", "pk": 81, "fields": {"product": 25, "image": "product_images/2_b0YlPZt.webp", "is_featured": true}}, {"model": "store.media", "pk": 82, "fields": {"product": 25, "image": "product_images/3_YieOIdK.webp", "is_featured": false}}, {"model": "store.media", "pk": 83, "fields": {"product": 25, "image": "product_images/4_Jnc2Fd3.webp", "is_featured": false}}, {"model": "store.media", "pk": 84, "fields": {"product": 25, "image": "product_images/5_omK4D4p.webp", "is_featured": false}}, {"model": "store.media", "pk": 85, "fields": {"product": 25, "image": "product_images/6_yh7bRus.webp", "is_featured": false}}, {"model": "store.media", "pk": 86, "fields": {"product": 26, "image": "product_images/1_6qdqaTR.webp", "is_featured": false}}, {"model": "store.media", "pk": 87, "fields": {"product": 26, "image": "product_images/2_DQADHZZ.webp", "is_featured": true}}, {"model": "store.media", "pk": 88, "fields": {"product": 26, "image": "product_images/3_MAjNa80.webp", "is_featured": false}}, {"model": "store.media", "pk": 89, "fields": {"product": 26, "image": "product_images/4_SQwAuTl.webp", "is_featured": false}}, {"model": "store.media", "pk": 90, "fields": {"product": 26, "image": "product_images/5_MQ6rFYQ.webp", "is_featured": false}}, {"model": "store.media", "pk": 91, "fields": {"product": 26, "image": "product_images/6_imZdlS1.webp", "is_featured": false}}, {"model": "store.media", "pk": 92, "fields": {"product": 27, "image": "product_images/1_c9F4SYA.webp", "is_featured": true}}, {"model": "store.media", "pk": 93, "fields": {"product": 27, "image": "product_images/2_FBMOEwD.webp", "is_featured": false}}, {"model": "store.media", "pk": 94, "fields": {"product": 27, "image": "product_images/3_qwVsPaS.webp", "is_featured": false}}, {"model": "store.media", "pk": 95, "fields": {"product": 27, "image": "product_images/4_V7dnpXd.webp", "is_featured": false}}, {"model": "store.media", "pk": 96, "fields": {"product": 27, "image": "product_images/5_9uMMaBM.webp", "is_featured": false}}, {"model": "store.media", "pk": 97, "fields": {"product": 27, "image": "product_images/6_Q1sjpRl.webp", "is_featured": false}}, {"model": "account.customer", "pk": 1, "fields": {"password": "pbkdf2_sha256$600000$Ph6QeBSZFwVqsOxPHkLQpf$BKD733t0fTqptMmoDcncU6ycEb7moXbH8lnzkxxh4hw=", "last_login": "2023-07-28T12:54:57.324Z", "is_superuser": true, "email": "admin@admin.com", "full_name": "", "is_active": true, "is_staff": true, "country": null, "created": "2023-07-22T20:27:47.803Z", "groups": [], "user_permissions": []}}, {"model": "account.customer", "pk": 5, "fields": {"password": "pbkdf2_sha256$600000$UGPo4WWYWuJ5ujYWzGC4q7$yo9wcIgn0CyQ9ClgVkpjWn5PmlKAvQF7PYrq1KCu9uE=", "last_login": "2023-07-26T15:08:41.834Z", "is_superuser": false, "email": "test@test.com", "full_name": "Mike Test", "is_active": true, "is_staff": false, "country": "Canada", "created": "2023-07-25T19:50:04.988Z", "groups": [], "user_permissions": []}}, {"model": "account.customer", "pk": 6, "fields": {"password": "pbkdf2_sha256$600000$GWnSqiq1IoHoC0kRZYVy4z$+sj0PtMMxKUEi5hvPFlGUJ4ky3VHyNa4nJ5iwywkPvU=", "last_login": "2023-09-09T12:56:24.779Z", "is_superuser": true, "email": "c@c.com", "full_name": "", "is_active": true, "is_staff": true, "country": null, "created": "2023-09-09T12:56:00.719Z", "groups": [], "user_permissions": []}}, {"model": "account.customer", "pk": 7, "fields": {"password": "pbkdf2_sha256$600000$4ubz3H73n4E0bSSpYfvKNb$m1ZwYHt08OrBlZCyzWwsWdfu0HNHZqJq7M9Zz5t/9OI=", "last_login": "2023-12-21T15:01:37.862Z", "is_superuser": true, "email": "a@a.com", "full_name": "", "is_active": true, "is_staff": true, "country": null, "created": "2023-12-21T15:01:02.961Z", "groups": [], "user_permissions": []}}, {"model": "account.customer", "pk": 8, "fields": {"password": "pbkdf2_sha256$600000$q19X87SCFVYfTLrZ0hpNfM$VYGF2ayY+RvOSHOPUSekdVJUjSRVJO/j9wEUAIIV+uw=", "last_login": "2023-12-26T10:43:34.184Z", "is_superuser": true, "email": "admin@gmail.com", "full_name": "", "is_active": true, "is_staff": true, "country": null, "created": "2023-12-26T10:24:46.357Z", "groups": [], "user_permissions": []}}, {"model": "account.myclient", "pk": 1, "fields": {"c_email": "test@test.com", "c_full_name": "Test", "c_country": "USA", "c_city": "California", "c_address": null, "created": "2023-07-26T13:35:37.851Z"}}, {"model": "account.myclient", "pk": 2, "fields": {"c_email": "test3@test.com", "c_full_name": "Test2", "c_country": "USA", "c_city": "California", "c_address": null, "created": "2023-07-26T13:42:27.304Z"}}, {"model": "account.myclient", "pk": 3, "fields": {"c_email": "mike@test.com", "c_full_name": "Test", "c_country": "USA", "c_city": "California", "c_address": null, "created": "2023-07-26T14:58:37.814Z"}}, {"model": "account.myclient", "pk": 4, "fields": {"c_email": "mike@test.com", "c_full_name": "Mike Test", "c_country": "USA", "c_city": "California", "c_address": null, "created": "2023-07-26T15:00:21.591Z"}}, {"model": "account.myclient", "pk": 5, "fields": {"c_email": "mike@test.com", "c_full_name": "Mike Test", "c_country": "USA", "c_city": "California", "c_address": null, "created": "2023-07-26T15:01:57.268Z"}}, {"model": "account.myclient", "pk": 6, "fields": {"c_email": "mike@test.com", "c_full_name": "Michael James", "c_country": "USA", "c_city": "California", "c_address": null, "created": "2023-07-26T15:10:45.936Z"}}, {"model": "account.myclient", "pk": 7, "fields": {"c_email": "mike@test.com", "c_full_name": "Michael Brown", "c_country": "USA", "c_city": "California", "c_address": null, "created": "2023-07-26T18:10:21.748Z"}}, {"model": "account.myclient", "pk": 8, "fields": {"c_email": "tdkingzict@gmail.com", "c_full_name": "Michael Brown", "c_country": "USA", "c_city": "California", "c_address": null, "created": "2023-07-28T13:09:01.202Z"}}, {"model": "account.myclient", "pk": 9, "fields": {"c_email": "tdkingzict@gmail.com", "c_full_name": "Mike Test", "c_country": "USA", "c_city": "California", "c_address": null, "created": "2023-09-09T13:31:53.357Z"}}, {"model": "order.order", "pk": 5, "fields": {"user": 1, "email": "mike@test.com", "full_name": "Michael Brown", "address": "", "city": "California", "country": "USA", "phone": null, "post_code": null, "created": "2023-07-26T18:10:21.758Z", "total": "536500.50", "paid": "5000.00", "sub_total": "499000.00", "order_key": "GBM-ID-HMOB15013090K3Y", "status": "Delivery in Progress", "shipping_price": "0.00"}}, {"model": "order.order", "pk": 6, "fields": {"user": 1, "email": "tdkingzict@gmail.com", "full_name": "Michael Brown", "address": "", "city": "California", "country": "USA", "phone": null, "post_code": null, "created": "2023-07-28T13:09:01.290Z", "total": "104500.50", "paid": "0.00", "sub_total": "67000.00", "order_key": "GBM-ID-HMOB80889983K3Y", "status": "Pending, awaiting payment", "shipping_price": "0.00"}}, {"model": "order.order", "pk": 7, "fields": {"user": 6, "email": "tdkingzict@gmail.com", "full_name": "Mike Test", "address": "", "city": "California", "country": "USA", "phone": null, "post_code": null, "created": "2023-09-09T13:31:53.371Z", "total": "189950.00", "paid": "0.00", "sub_total": "189950.00", "order_key": "GBM-ID-HMOB81989843K3Y", "status": "Pending, awaiting payment", "shipping_price": "27500.00"}}, {"model": "order.orderitem", "pk": 10, "fields": {"order": 5, "product": 12, "price": "93000.00", "quantity": 1}}, {"model": "order.orderitem", "pk": 11, "fields": {"order": 5, "product": 5, "price": "78000.00", "quantity": 1}}, {"model": "order.orderitem", "pk": 12, "fields": {"order": 5, "product": 6, "price": "93000.00", "quantity": 1}}, {"model": "order.orderitem", "pk": 13, "fields": {"order": 5, "product": 1, "price": "150000.00", "quantity": 1}}, {"model": "order.orderitem", "pk": 14, "fields": {"order": 5, "product": 2, "price": "85000.00", "quantity": 1}}, {"model": "order.orderitem", "pk": 15, "fields": {"order": 6, "product": 22, "price": "67000.00", "quantity": 1}}, {"model": "order.orderitem", "pk": 16, "fields": {"order": 7, "product": 22, "price": "67000.00", "quantity": 1}}, {"model": "order.orderitem", "pk": 17, "fields": {"order": 7, "product": 19, "price": "12950.00", "quantity": 1}}, {"model": "order.orderitem", "pk": 18, "fields": {"order": 7, "product": 16, "price": "110000.00", "quantity": 1}}]